thai_text,karen_text,pronunciation,confidence
ห้องน้ำ,တၢ်အ့ဖျိခီၣ်ထီၣ်ခလီ,ต่าเอาะฬูทึ่อล่ะ,1.0
ที่ผ่านมา,တၢ်လံၢ်ဂၢၢ်ခီ,ต่าแลปูกริ,1.0
ปี่,သံကူ,ซอกู่,1.0
ลงแขก,မၢ်တဲၣ်မၢ်က,มาเต๊อะมากะ,1.0
ไปดื่มน้ำ,လံၢ်နီၢ်ထီ,แลออที,1.0
มีดถางหญ้า,မံၤအံၤဖ့ၢ်ခီ,หน่อแฝ่โค,1.0
แม่,မုၢ်,ใหม่,1.0
กลอง,ထဲၣ်,เดอ,1.0
ตลอดวัน,သံနီ,ซอนี,1.0
ผักชี,ဟီၤဘ့ၣ်,ฮีอีปะ,1.0
สีเหลือง,ဘီၤ,บอ,1.0
เดี๋ยวนี้,မံၤလဲၢ်အဲၣ်,หน่อแลคื่อ,1.0
ไปงานแต่งงาน,လံၢ်အၢၣ်မၤ့ၢ်,แลเออะมี,1.0
หน้าผาก,မျက်နှာမြှေး,	แมะตุ่โข่,1.0
เสือ,ဘ့ၣ်စံဘ့ၢ်စံ,เบาะโซ่โละ,1.0
สนทนา,တၢ်ခါဂ့ၤက့ၤ,ต่าก่อก๊ะเก๊าะ,1.0
สิงหาคม,လါခူ,ลาคุ,1.0
ของเรา,တၢ်ဂၢၢ်ဧၢ်,เป๊อะต่า,1.0
ถ้วย,လဲက့ၢ်ဂါထီအိၣ်,เลคอโกไอโอ,1.0
รู้สึก,ဆိမိၣ်,โช-โม้ะ,1.0
แคน,ခံာ်,แคว,1.0
ป้า / น้า อา,မုၢ်အ့,หมื่อก่า,1.0
ไปโรงพยาบาล,လံၢ်စူၢ်ထံာ်ဆီ,แลซูต่าซี่,1.0
ต,တ,ต่าหว่าลี,1.0
ป่าไม้,ဝံၤမံၤထွၢၣ်မံၤ,เสโดหว่าป่า,1.0
วันนี้,မုၢ်ယါအ့ၤ,หมื่อยาอิ,1.0
ไปในเมือง,လံၢ်ဆူၢ်ခိၣ် / လံၢ်ဝ့ၢ်,แลซู่ไข่ / แลแวปู่,1.0
ต้นเเขน,စုၤဒုၣ်,จือ-ดึ้อ,1.0
กระเทียม,ပၢးၡၢၤသါၣ်,เปอะ-เซอ-ซะ,1.0
ความรัก,တၢ်အဲၣ်တၢ်ကွီၢ်,ต่าแอะต่ากวี,1.0
ลูกเขย,မံၤဘၣ်,หมิ่บ่า,1.0
เกิด,ကဲၤထီၣ်,แก-ท้อะ,1.0
วันจันทร์,မုၢ်ခဲၣ်,หมื่อแคะ,1.0
-ล,- ္လ,ก๊ะ-ละ-กีล๋ะ,1.0
ห่วงใย,တၢ်ဘၣ်ထီရိ,ต่าบะไทยะ,1.0
รักษา,ကဝါၣ်ကဲၤ,กว้า-แชว,1.0
สวน,တၢ်ဂီၤ / တၢ်ဆူၢ်ခလီ,ต่าไร่ / ต่าสู่หล่อ,1.0
ล้าง,သ့ဃၢၤ,เซ-เฆง่อ,1.0
หนา,ထဲၣ်,เตาะ,1.0
ตา,မဲးခလံၤ,แหมะ-คลี,1.0
สีเขียว,လါ,ลา,1.0
ฉิ่ง,သံခီ,ซอแคะ,1.0
ประเทศ,က့ၢ်,ก่อ,1.0
แมงดา,ထီၣ်မ့ၢ်,ทีหม่่า,1.0
งา,န့ၢ်စိ,หนี่โซ,1.0
ยินดีต้อนรับ,ဟူၣ်လီၤဂ့ၤဆ,คู่ลอคอเซอ,1.0
มะโรง,မုၢ်ဖ့ၢ်ကွၢ,หมื่อพะโคะ,1.0
กลับบ้าน,က့ၤလၢဟံၣ်,เก่-เลอ-ฮี้,1.0
กินข้าว,နီၢ်လံ,เอาะเม,1.0
ท้องอืด,ပူနာ,ฮีกึ่,1.0
กราบ,ဘါလီၤ,บาหล่อ,1.0
รองเท้า,ခီၣ်ဖံး,เข้าะ-ผิ,1.0
ชา,န့ၢ်မုၢ်,นอหมื่อ,1.0
ตา,မျက်လုံး,แมะคลี,1.0
หนุ่ม,ဖံစါကွါ,เพ้าะสะควา,1.0
บาง,ကူ,ปู,1.0
ขอบคุณ,တၢ်ဘျုး,ต้า-บลึ,1.0
สาว,မုၢ်လ့ၢ်,หมื่อเก่อนอ,1.0
ดาบ / กระบี่,န့,นะ,1.0
หน้าผาก,ခိၣ်,โคะ,1.0
ท้อง,ဟၢာ်ဖၢၤ,ฮึ่อ-เพอ,1.0
กลัว,ပလံၢ်,ปลี่,1.0
เมื่อคืนฝนตกหนัก,မနၤမိၣ်ခိၣ်စူၤဒိၣ်,เหม่อะ-หน่า-โม้ะ-โค้ะ-จู่-โด้ะ,1.0
ปิด,ကျၢၢ်ဘၢ,เกล้อ-เบอ,1.0
ต้นไม้,ဝ့,เส่,1.0
ตอนเที่ยงคืน,မုၢ်ဖံးမုၢ်,พะพอหมื่อ,1.0
งู,င့ၢ်,หนื่อ,1.0
หนวด,ခၣ်ဆူၣ်,คะ-ชุ,1.0
เท้า,ဃီၣ်,เคาะ-เด,1.0
ตาก,သ့ၣ်ဘီ,เซอะบี,1.0
สะโพก,ဃံၤကိၣ်,คี-โก้,1.0
รากไม้,ဝံၤဒဲၤဂ့ၤ,เส่กี้,1.0
หนัก,ဘၣ်,เคอ,1.0
คุณจะไปไหน,ရၢ်အဲၣ်လံၢ်ခလီ,เหนอซะแสจูหล่อ,1.0
ตอนกลางคืน,မုၢ်နံၤခီ,หมื่อนาคอ,1.0
ธันวาคม,လါပီၤလီ,ลาปีลอ,1.0
ฉาบ,ခ့ၣ်ဂ့ၤ,จก่อ,1.0
ท้องเสีย,ဝမ်းလျှော,ซีเพแค,1.0
ควาย,ပၢးနါၢ်,เปอะ-หน่า,1.0
เขียดตะปาด,ဒ့ၢ်ဖ့ၢ်န့ၢ်,เดะพี่หน่า,1.0
โน๊ตบุ๊ค,ခီဖံတၢၣ်,คอ-พี-เต้อะ,1.0
ปากกา,လံာ်ဘိ,เล่ะ-โบ,1.0
ปาก,ပါးစပ်,	ทะโข่,1.0
ปลา,န့ၢ်ဖိ,หนู๋าโพ,1.0
เนื้อดิบ,ဝံၤလီ,ซีโซ,1.0
ถุงมือ,ခိၣ်ဖ့ၢ်လ့ၢ်,จีฝ่อล่อ,1.0
ลาก่อน,ထံၣ်လီၤသးလၢသီနီၢ်,ที้-หล่อ-สะ-เลอ-ซอ-หนอ,1.0
ฉันมีพี่น้อง...คน,ယဒီပုၢ်ဝဲၢ်အိၢ်ခံဂၤ,เหย่อะ-ดอ-ปื้อ-แหว้-โอ้ะ ... หง่า,1.0
ขมิ้น,ဆ့ၢ်ယါ,เส่อเยอ,1.0
ปัจจุบัน,မံၤလဲၢ်အဲၣ်,หน่อแลคื่อ,1.0
ชี้แจง,နၢ်နၢ်ပဲာ်,ดีหน้าป่อ,1.0
ฉัน,ယါ,ญา,1.0
สร้อย,သံလံၤခါ,ส่อแซวะ,1.0
ตลอดคืน,သံနံၤ,ซอนา,1.0
รถยนต์,မီၢ်တီၢ်ကါ,หม่อ-ต่อ-กา,1.0
สีม่วง,လံၤ,ลี,1.0
ขอโทษ,ဝံသးစူၤ,วี-สะ-จู่,1.0
กระแต,ဗုၢ်လ့ၢ်,หยี่อแล,1.0
ฝักดาบ,န့ကဲရ့ၣ်,นะเกร้าะ,1.0
ตอนเช้า,ဂ့ၤခီ,หง่อ-คอ,1.0
แสง,ကမံၤ,เก่อปอ,1.0
เร็ว,ချ့,เคล,1.0
-,ဃ,ขะโกะ,1.0
เอว,ညီၣ်ဒ့ၤ,ย่อ-เด,1.0
บัดมือ,သီၤ,ซี่,1.0
แคนใหญ่,ခံာ်ဖၣ်ကွၢ,แควพะโคะ,1.0
ตลอดเดือน,သံလီ,ดอลา,1.0
สอง,2,คี,1.0
การดูแล,တၢ်အဲၣ်ထွဲၣ်ကွၢၣ်ထွဲၣ်,ต่าอื๊แถวกว่าแถว,1.0
ได้ยิน,နၢ်ဟူ,หน้ะ-ฮู,1.0
ผู้หญิง,ဖံခမ့ၢ,เพาะหมื่อ,1.0
ป่าดิบชื้น,က့ၢ်န့ၢ်မုၢ်,เก่อเนอหมื่อ,1.0
เลี้ยงผี,လံၢ်တၢ,หล่อต่า,1.0
เข็มขัด,ယီၢ်ဘ့ၣ်ကိး,ย่อ-เบ้ะ-เกาะ,1.0
เสื้อของผู้ชาย,ဆ့ၢ်ခိၣ်,เซเกอ,1.0
เบา,ဗီၤ,พกี,1.0
นกยูง,င့ၢ်စီဘ့ၣ်လ့ၢ်,หนื่อซอบลอ,1.0
ลื่นล้ม,လီၤဃံၢ်,หล่อ-ฆงี้,1.0
ตอนกลางคืน,မုၢ်နံၤခီ,หมื่อนาคอ,1.0
ชั่วโมง,နုၢ်ထီၣ်,หน่าที,1.0
หมวกปีกกว้าง,ခီအီၤထ့ၢ်န့ၢ်,ขื่อซี่แหล่น่า,1.0
กระเป๋า,ကၠံ,เก่อ,1.0
โหลน,လါ,ลา,1.0
ห้องส้วม,တၢ်ယါခလီ,ต่ายะหล่อ,1.0
งู,ငုၣ်,หงื้อ,1.0
ปวด,ဆါ,ชา,1.0
ตอนเช้า,နီၢ်ခီ,กอคอ,1.0
ปลาไหล,တီၢ်ဖ့ၢ်ဘ့ၣ်,ตีดูบอ,1.0
รอ,ခဲာ်,เคาะ,1.0
แหวน,ပှၢ်စံ,เป่อซิ,1.0
ไม้เอกเสียงสั้น,1,เอ๊อะซิ,1.0
สาก,န့ၢ်ဒ့ၢ်ဘူ,เน่อโตโบ,1.0
ป่าเบญจพรรณ,က့ၢ်န့ၢ်ဖၢ,เก่อเนอพา,1.0
เป่าแคน,ဇူၢ်ခံာ်,จูแคว,1.0
คราด,မံၤအံၤဂံ,หน่อก๊ะ,1.0
ตอนเย็น,မုၢ်စါက့ၤ,หมื่อซากอ,1.0
เข็มขัด,မ့ၢ်အ့ၤခ့ၢ်န့ၢ်ခ့ၢ်,หม่อะแกจู่,1.0
กางเกงขายาว,ဖ့ၢ်လီဖ့ၢ်က့ၢ်ထီဖ့ၢ်အ့ၤ,ผล่อลี่คีอ่อ,1.0
หวี,ဝံၤ,สี,1.0
ออ,ါ,สระออ,1.0
น้ำมัน,စံ,โซ,1.0
เลี้ยงควาย,လံၢ်အၢၣ်နုၢ်,หล่อเปอะนา,1.0
กา,လ့ၢ်က့ၢ်,เจ๊าะทะฆะ,1.0
เสื้อเเขนยาว,ဆ့ကၤစုဒုၣ်ထီ,เช-ก่า-จือ-ดึ-ทอ,1.0
ฤดูทำนา,မာခီၤခါ,มา'chีค่า,1.0
กระเทียม,ပှၢ်စံလၢ / ပှၢ်စံဝါ,เปอะซอสะ / เปอะเซอวา,1.0
รอคอย,အိၣ်ခိး,โอ้ะ-เขาะ,1.0
มือ,စုၤ,จือ,1.0
สีนํ้ํ้าตาล,ဃာ်,ฆย่ะ-หง่อ,1.0
เมื่อยคอ,လည်ချောင်းနာ,ข่อลอปิ้,1.0
ทราย,ဂၠံ,แมะ,1.0
หน้าผา,လဲ,เล,1.0
สมุด,လံၢ်ခဲ,ลิแกะ,1.0
น้ำซึม,ထီခိ,ทีกี้,1.0
กุ้ง,တၢာ်ဒီး,เตอะ-ด้อ,1.0
ไม้เอกเสียงยาว,2,อะซิ,1.0
รถไฟ,ကါဖာ်ထီ,กา-ผะ-ทอ,1.0
จอบ,ဖိၣ်ဂ့ၤ / ဘ့ၢ်ဂ့ၤ,โห่โจ๊ะ / บอพล๊ะ,1.0
ความร่วมมือ,တၢ်မၤစဲၤက့ၤ,ต่าม่าเส่เก๊าะ,1.0
ฉ ช,ဆ,ซะเต๊อะปี้,1.0
ถอนหญ้า,ထံၤနၢ်,แทะหน่อ,1.0
หม้ออุ่นน้ำ,သ့ၣ်လ့ၢ်ပဲာ်ထီ,เส่อเปอที,1.0
กิน,အီၣ်,เอ้าะ,1.0
สาวน้อย,မုၢ်လ့ၢ်ခမ့ၢဖံ,หมื่อเก่อนอโพ,1.0
สิทธิ,တၢ်ကျိာ်မံၤ,ต่าโจ๊ะเก่อมอ,1.0
น้ำ,ထီ,ที,1.0
นา,စီ,ซี่,1.0
ผมจะไปเรียน,အဲၣ်လံၢ်မၤလ့ၢ်,เจ่อซะแลมกโลต่า,1.0
งูเห่า,င့ၢ်စီ,หนื่อซอ,1.0
ตอนบ่าย,မုၢ်အ့ၣ်လ့ၣ်,หมื่อเม่อ,1.0
ม้า,က့ၢ်အ့ၤလ့ၢ်,เก่อเส่,1.0
ไม่สบาย,တၢးကဲဘါၣ်,เตอะ-แก-บะ,1.0
ขวา,ဆဲၤ,แชว,1.0
กี่ทอผ้า,ထံၣ်,ถ่า,1.0
คุณสบายดีไหม,နုၢ်အဲၣ်လၢအ့ၤခလီ,เบอะโอะซู่อา,1.0
พ่อบ้าน,ပာ်ဖိၣ်ပာ်ဘၣ်,ปาฟือปาก่า,1.0
หนา,ထဲၣ်,เตาะ,1.0
หลัง,ခလၢ,เคลอ,1.0
เด็กผู้หญิง,ဖံခမ့ၢဖံ,เพ้าะหมื่อโพ,1.0
นั่ง,ဆ့ၣ်နီၢ်,เช้-หน่อ,1.0
ดอย,ကံၣ်ဂ့ၤဂီၤခီၣ်,เก๊าะเจอโข่,1.0
ไปทำงาน,လဲၤမၤတၢ်,แหล่ะ-หม่า-ต้า,1.0
เนื้อดิบ,ဝံၤလီ,ซีโซ,1.0
ปาก ,ထာ်ခိၣ်,ถะ-โค้ะ,1.0
คิ้ว,မျက်ခုံး,	แมะเบอ,1.0
ตั๋ว,တူါး,ตั๋ว,1.0
ปวดฟัน,သွားကိုက်,	แมะซา,1.0
คุณนอนหลับไหม,နုၢ်အိၣ်မံၤအိၣ်ခလီ,เหนอมีเหน่อะ,1.0
ความนึกคิด,တၢ်ထံၤမ့ၢ်ဂ့ၤနၢ,ต่าโซ่ไหน่เก๊อะหน้า,1.0
สีฟ้า,လါမူခိၣ်,ลา-มู-โค้ะ,1.0
คุณสนุกไหม,နုၢ်မံၤတၢ်မီၤခလီ,เบอะต่าเมือะ,1.0
ปู,လ့ၢ်,แว่อ,1.0
ไม้ตรี,3,เผลอซิ,1.0
โค้ง,က့ၣ်,เก้ะ,1.0
ไปหาฉันไหม,လံၢ်အၢၣ်ဂၢၤခလီ,แลเออะญาเกะ,1.0
ผ่าตัด,ဖဲာ်သာ်,แผงะ-สะ,1.0
กระต่าย,ပၢးဒဲၤ,เปอะ-แด,1.0
กุน,က့ၤယါစံ,เก่อซอ,1.0
มอง,ကွၢ်,กว้า,1.0
สมุด,လံၢ်ခဲ,ลิแกะ,1.0
-ก,္ဂ,ซะ-กี๊-ซีก๋ะ,1.0
ผู้เฒ่าผู้แก่,ပာ်စ့ၢ်ပာ်ဘၣ်,ปาซะปาก่า,1.0
เป็นลม,ကါမံအူ,ซา-ปี่-น้อะ-สะ,1.0
ลม,ကၠံလီ,เก่อลี,1.0
วิ่ง,စံၣ်,จี้,1.0
ใบนัด,လံနီၣ်,หลิ-นะ,1.0
คน,ကၢၢ်ယီၤ,เก่อ-ญอ,1.0
ไม้โท,4,ฮะซิ,1.0
แคนเขาควาย,ခံာ်ဖံၣ်နၢ်နံၢ်,แควเปอะหน่าเนอ,1.0
มกราคม,တၢ်အ့လ,เต่อเล,1.0
ใบหน้า,မဲၢ်,แหม่ะ,1.0
ย่า,ဖီၢ်ပာ်,พี่ป่า,1.0
ไปจับมือ,လံၢ်သီၤ,แลซี่,1.0
หนึ่ง,1,เตอ,1.0
สีนํ้าเงิน,လါပဂါၣ်,ลา-ปก้า,1.0
กวาง,တၢ်ခါ,ตาคอ,1.0
ถุงเท้า,ခီၣ်ဖျီၣ်,ข้อ-พล้อะ,1.0
ไหว้,ဘါထီၣ်,บาเทาะ,1.0
จดจำ,တိၢ်နီၣ်,โต้-เนาะ,1.0
พฤศจิกายน,လါနံၢ်,ลานอ,1.0
รถประจำทาง,မီၢ်တီၢ်ကါသၢၤတါၣ်,หม่อ-ต่อ-กา-เซอ-ต้า,1.0
ป่าเต็งรัง,က့ၢ်ဘီ,ก่อเบ,1.0
ระยะเวลา,တၢ်ဆၢက့ၤ,ต่าเซอเก๊อะต่อ,1.0
เนื้อ,တၢ်န့ၢ်,ต่าหนู๋า,1.0
ของฉัน,တၢ်ဧၢ်/တၢ်ဘဲၣ်ဧၢ်,เจอะต่า / เบ๊อะต่า,1.0
เข้าใจ,နါၣ်ပၢၣ်,หน้ะ-เป้อะ,1.0
กำเนิด,ကဲၤထီၣ်,แก-ท้อะ,1.0
ฝีเสื้อ,လ့ၢ်က့ၢ်အ့ၤပဲာ်,เจ๊าะเก่อเปอ,1.0
กบเหลา,နီၣ်သဝဲၣ်,น้อะ-แซวะ,1.0
ด้าย,လံၢ်လီခီ,หลือเหลคี,1.0
ขยะ,ခၢ်ယၢ်,ขะ-ยะ,1.0
ไปไหน,လံၢ်ဆူၢ်ခလီ,แลซูหล่อ,1.0
สุ่มไก่,ဆူၢ်က့ၤဖလ့ၤလီ,ซอคาเพลอลอ,1.0
ในนา,စီဖံ,ซี่ปู่,1.0
กางเกง,ဖ့ၢ်လီ,ผล่อลี่,1.0
ขอโทษ,ဝါးစုၢ်,วิซะจู,1.0
กบ,ဒ့း,เด้ะ,1.0
แมว,သ့ၢ်မ့ၢ်ယုၢ်,ส่ามียอ,1.0
ฝักดาบ,န့ကဲရ့ၣ်,นะเกร้าะ,1.0
อนาคต,တၢ်ဆူၢ်ခါ,ต่าสุยา,1.0
งูดิน,င့ၢ်ဂ့ၢ်,หนื่อจิ๋ง,1.0
พี่ชาย,မံၤန့ၢ်ခီ,แหว่เก๊าะ,1.0
ยางลบ,မံၤအံၤထီၣ်,หน่อทูซึ,1.0
เรียนรู้,ဆံၤဘ့လီ,พิโลมาโล,1.0
แกง,တါၣ်သူၤ,ต้าซู,1.0
ต้นไม้,ဝံၤ / ဝံၤထံၣ်,เส่ / เส่ซู่,1.0
ตอนสาย,မုၢ်ထီ,หมื่อทอ,1.0
กลอง,ထဲၣ်,เดอ,1.0
ผักเขียว,လံၢ်ဆူၢ်,หลู่ส่า,1.0
หนังสือ,လံၢ်ပန့ၢ်,ลิพะ,1.0
ยินดีที่ได้รู้จัก,သးခုလၢသ့ၣ်ညါလီၤသး,สะ-คือ-เลอ-เซะ-ยา-ลอ-สะ,1.0
ผู้ใหญ่,ပာ်ဘီၣ်ပာ်ဘၣ်,ปาปีปาป่า,1.0
มะระ,ဆူဖ့ၢ်ဆၢ,ซอคาส่า,1.0
ทวด,ဝါ,พา,1.0
ไปกินข้าว,လံၢ်နီၢ်လံ,แลเอาะเม,1.0
หลังคา,တၢ်ခိၣ်,เด้อไข่,1.0
ตะพาบ,ကလီၤၡါ,คลิฆ่า,1.0
ดักหนู,ခီၢ်ဂ့ၤ,ซกอู้,1.0
ใบไม้,သ့ၢ်လါၣ်,เซะ-ละ,1.0
มันสำปะหลัง,န့ၢ်န့ၢ်စ့,แหน่วเส่,1.0
ตอนเย็น,မုၢ်စါက့ၤ,หมื่อซากอ,1.0
ป่าต้นน้ำ,ထီကွၢ်ကီ,ทีขัวกี,1.0
จักสาน,ထံၣ်တၢ,เทต่า,1.0
กิ่วดอย,တၢ်ဒဲ,ต่าดเด,1.0
ขา,ဃီၣ်ဒ့ၤ,เคาะ-ดึ้อ,1.0
ขับ,နီၤ,นอ,1.0
หว่านกล้าข้าว,ပၢ်ထီၣ်တၢၢ်က,พคีเต๊อะกะ,1.0
ร้านค้า,ဆဲၢ်ပူၤ,แช่-ปู่,1.0
ผม,	ချဉ်,โข่ซู,1.0
น้ำ,ထီ,ที,1.0
ฝุ่น,ဖၢၣ်က့ၤဖ့ၢၢ်,ผ่าเก่อพสื่อ,1.0
จิ้งหรีด,သ့ၣ်ကီ,เส่อกี,1.0
คุณมาจากที่ไหน,နဟဲဖဲလီၤ,เน่อ-แฮ-เพอ-หล่อ,1.0
ช้าง,ကာ်ဆီၤ,เกอะ-ชอ,1.0
ลุก,ဟိာ်ထၢၣ်,โฮ้ะ-เท้อะ,1.0
ป่าต้องห้าม,မံၤထၣ်မံၤထီၢ်,ป่าต่าดี,1.0
ฆ้อง,မီ,โม,1.0
หมาป่า,စ့ၢ်,จุ่ย,1.0
เสื้อ,ဆ့ကၤ,เช-ก่า,1.0
ป่าเต็งรัง,က့ၢ်ဘီ,ก่อเบ,1.0
หลาน,လီၢ်,ลี,1.0
สีเขียว,လါယဲ,ลาเย,1.0
ป่าสะดิ้ง,ပာ်ဒ့ဘ့,ปาเดปอ,1.0
ปลูกข้าวไร่,ကံၢ်ဂံၢ်,โกเมี้,1.0
อ่านหนังสือ,ပန့ၢ်သီ,พะหนี้,1.0
กะหล่ำปลี,ဆ့ၢ်န့ၢ်ဒ့ၢ်ဖိ,เซอะนะเดอะโพ,1.0
ญ,ဉ,หญ่าใหญ่บ่อ,1.0
ขาย,ဆါ,ชา,1.0
มะเส็ง,မုၢ်ဖိ,หมื่อโพ,1.0
หนอน,လ့ၢ်,เหล่อ,1.0
เสาวรส,သ့ၣ်ဒ့ၢ်စ့ၢ်,เส่อต่อส่า,1.0
ไปหาเธอ,လံၢ်အၢၣ်နုၢ်,แลเออะนา,1.0
ตอนเที่ยงคืน,မုၢ်ဖံးမုၢ်,พะพอหมื่อ,1.0
เก็บเกี่ยวเสร็จ,ဘှံးထုၣ်ခါ,ซี่ตี่ค่า,1.0
เข็มฉีดยา,သၢာ်လံၣ်,เสอะ-ลิ,1.0
สวัสดี,အိၣ်မုၢ်ဆိပၢၢ်,โอะ-หมื่อ-โช-เปอ,1.0
หมู่บ้าน,မံၤပူ,หยี่ปู่,1.0
ร้องเพลง,ကဲတၢ်ဆဲခီ,เก๊าะตาซะทิ,1.0
สับปะรด,န့ၢ်စ့ၢ်,แนะส่า,1.0
พระจันทร์,လီ,ลา,1.0
ที่เก็บของในครัว,မံၤခိၣ်,จอหน่อไข่,1.0
คอ,ကီာ်ဘိၤ,ก่อ-โบ,1.0
สายผูกข้อมือ,ခိၣ်တ့ၢ်,จี๋กิเด,1.0
เครื่องเขียน,တါၣ်ကဲၢာ်,ต้า-แกว่ะ,1.0
สูง / ยาว,ထီ,ทอ,1.0
ป่าซับ,ပာ်စါဖီ,ปาสว่าไข่,1.0
แนวกันไฟ,မံၢ်ဖိၣ်,เหมปิต,1.0
กระเป๋า,ထၢၣ်,เท้อะ,1.0
ไม้กวาดแข็ง,မံၤလံၢ်စ့လိၤကံၢ်,หน่อแคะเสโลก๋า,1.0
ขน,ဆူၣ်,ชุ,1.0
ดินสอ / ปากกา,လံၢ်ပူ,ลิโบ,1.0
หมวก,အ့ၤခ့ၢ်,เบ่อซือ,1.0
ครกตำพริก,န့ၢ်ဒ့ၢ်,โน่โต๋,1.0
ด,ဒ,ดาเต่อดา,1.0
ตอนเย็น,မုၢ်ဟါလီၤ,มื่อ-ฮา-หล่อ,1.0
หน้าต่าง,မီ,ป่อ,1.0
อนาคต,တၢ်ဆူၢ်ခါ,ต่าสุยา,1.0
กำลัง,ငံၣ်,หงี้,1.0
หัวใจ,သာ်,ส่ะ,1.0
ไม้กวาด,မံၤလံၢ်စ့,หน่อแคะเส่,1.0
มะเฟือง,မ့ၢ်ဖ့ၢ်စ့ၢ်,มะเปอะส่า,1.0
ผมมีพี่น้อง...,အဲၣ်ဘ့ၣ်နံၢ်ဘၣ်...,เจ่ออปอแหว่าโอะ...,1.0
ปลูกข้าวไร่,ကံၢ်ဂံၢ်,โกเมี้,1.0
เยาวชน,မုၢ်တံၢ်ဖံလ့ၢ်ဖံ,หน่อต่อแปลโพ,1.0
ยาย,ဖီၢ်မုၢ်,พี่ใหม่,1.0
หม้อ,သ့ၣ်လ့ၢ်ပဲာ်,เส่อเปอ,1.0
สวัสดีปีใหม่,နံၣ်ထီၣ်သီ,นี่-ท้อ-ซอ,1.0
เกิดขึ้น,ယူၢ်နီၤ,คื่ออ่อ,1.0
เต่า,ခလံၢ်,ขลิ,1.0
อู,ဩ,สระอู,1.0
ความรู้/ความเข้าใจ,တၢ်ဆၢဖျၢနၢ်ပဲာ်,ต่าเสญูหน้าเปอ,1.0
มะละกอ,သ့ၣ်ကံ့လီၤ,เส่อกวีลี่,1.0
ฟัง,ကနၣ်,เกอะ-น้ะ,1.0
ซัก,ဆှုၣ်တၢ်,ชงึ,1.0
ป่าต้นน้ำ,ထီကွၢ်ကီ,ทีขัวกี,1.0
ขลุ่ย,မိၣ်ကူ,ปอถู่,1.0
ลิง,တါၢ်အုာ်,ต่า-อึ,1.0
เมฆ,တၢ်ဟဲၣ်,ต่าเออะ,1.0
มะเมีย,ကီၢ်စ့ၤ,เก๊อะเส่,1.0
กางเกงใน,ဖ့ၢ်လီဖ့ၢ်ဝ,ผล่อลี่โพ,1.0
ไม่เข้าใจ,တၢ်နံၣ်ပဲာ်,เต๊อะหน้าป่อ,1.0
ของเขา,တၢ်ဟံၣ်ဧၢ်,อ๊ะต่า,1.0
แม่บ้าน,ဖံခမ့ၢပာ်ဘၣ်,เพาะหมื่อปาก่า,1.0
ต่อ,ဖ့ၢ်လ့ၢ်,เพลอ,1.0
เปิด,အိၣ်ထီၣ်,โอ่ะ-ท้อะ,1.0
เอ,ဪ,สระเอ,1.0
ขนตา,မဲာ်ခလံဆူၣ်,แหม่ะ-คลี-ชุ,1.0
เมืองเชียงใหม่,ဝ့ၢ်ဂံၢ်,แวะกี้แม,1.0
จมูก,နါာ်ဒ့ၤ,หน่ะ-เด,1.0
ห ฮ,ဟ,ยะเกลอ,1.0
ชาวกะเหรี่ยง,ကညီကလုာ် ,ปก่า-เกอ-ญอ,1.0
จักจั่น,ယဲ,เย,1.0
มา,လၢ,แฮ,1.0
คนไข้,ပါၢ်ဆါအိၣ်,ป่า-ชา-โอ้ะ,1.0
ท้ายทอย,ကီၢ်စၢၣ်ခံၤ,ก่อ-เจ้อ-คี,1.0
งาดำ,န့ၢ်,นอ,1.0
กลับบ้าน,တၢ်ခူၣ်လံၢ်,เกษุเค่อ,1.0
รู้,သ့ၣ်ယါ,เซ้ะ-ยา,1.0
ตลาด,ပှၤဆါတၢ်လီၣ်,ปง่า-ชา-ต้า-ล้อ,1.0
กระเป๋า,ထၣ်,เถ้อะ,1.0
ไถนา,ကံၢ်စဲ,แกะซี้,1.0
ที่ผ่านมา,တၢ်လံၢ်ဂၢၢ်ခီ,ต่าแลปูกริ,1.0
จักรยาน,လ့ၣ်ယီၣ်,เล้ะ-ย่อ,1.0
ปลาช่อน,န့ၢ်ဖိဖ့ၢ်စ့ၢ်,หนู๋าโพซู,1.0
เบา,ဗီၤ,พกี,1.0
จิ้งเหลน,ပှၢ်လူၢ်ဝ့ၢ်,ปี้หลุ่ว่อ,1.0
กระไกร,ထံၣ်ရိ,ทะริ,1.0
ตรง,လိၢ်,โหล่,1.0
กระดาษ,ကဒ,กะ-ดะ,1.0
หุงข้าว,မီၢ်,พอเม,1.0
พี่สาว,မံၤန့ၢ်နီၤ,แหว่น่อ,1.0
ขวา,ဆဝဲၤ,แชว,1.0
สีฟ้า,လါဝါ,ลาวา,1.0
แคนใหญ่,ခံာ်ဖၣ်ကွၢ,แควพะโคะ,1.0
หิน,ဂၠံ,เหล่อ,1.0
ตอนนี้กี่โมง,ခါနံၣ်အံၤပှဲၤနၢ်ရံၢ်လီၤ,คา-เน่-อี่-แปง่ะ-น้า-ริ้-หล่อ,1.0
เกเร,ကလိၣ်နါၣ်,หน้ะ-กโล้,1.0
ฟ้าผ่า,လီၤလ့ၣ်,ลอพละ,1.0
คิด,ဆိမိၣ်,โช-โม้ะ,1.0
หนังสือ,လံၢ်,เหล่ะ-ผะ,1.0
ผึ้ง,က့ၢ်အ့ၤ,เก่อแน,1.0
ลูกสะใภ้,ဒဲ,แดะ,1.0
ปลิง,သ့ၣ်လီၤ,เส่อลี่,1.0
ฉันสบายดี,ယအိၣ်ဆူၣ်အိၣ်ချ့,เหย่อ-โอ้ะ-ชุ-โอ้ะ-เคล,1.0
ไปสวน,လံၢ်လံၢ်စ့ခလီ,แลต่าสู่หล่อ,1.0
สีเงิน,လါစူ,ลาซู,1.0
ปวดแขน,လက်ကိုက် / လက်နာ,	ซีเดทา / ซีเดถี่,1.0
ไม่รู้,တၢ်မံၤစ့ၢ်,เต๊อะส่ญา,1.0
หมวก,ခီၣ်ကလ့ၤ,โฆ่กล่อ,1.0
พ่อบ้าน,ပာ်ဖိၣ်ပာ်ဘၣ်,ปาฟือปาก่า,1.0
สีทอง,ထူၤ,ทู,1.0
ซ้าย,ဆ့ၣ်,เจ้ะ,1.0
กระทะ,မ့ၢ်ယၢ,เมอะข่า,1.0
ลูกอ๊อด,ပှၢ်ယၢ,เบอะซ่า,1.0
แก่, ပငါၣ်,ปง่า,1.0
ลมพัด,ကၠံၣ်စၢၢ်,เก่อลิอู,1.0
เก้าอี้,လံၢ်ခီၢ်န့ၣ်,หล่อฉีน่อ,1.0
สีเเดง,ဂီၢ်,หง่อ,1.0
อร่อยมาก,နီၢ်ဂံၢ်,กือวะ,1.0
ข้างบ้าน,တၢ်ခိၣ်ဂ့ၤဖိ,เด้อกอทิ,1.0
อา,ဣ,สระอา,1.0
การตอบรับ,တၢ်ဂ့ၤဆ,ต่าจิ๊เซอ,1.0
ปลา,ယါၣ်ဖိၤ,หย้ะ-โพ,1.0
ชั่วโมง,နုၢ်ထီၣ်,หน่าที,1.0
ไก่,စီ,ซอ,1.0
คน,ပကၤက့ၢ်ညၢ,ปากเกอะญอ,1.0
หินสามเส้า,လံၢ်ခီ,เหล่อซอ,1.0
ตอนเช้า,နီၢ်ခီ,กอคอ,1.0
รองเท้าแตะ,ဖ့ၢ်ပှၢ်ထီ,บ่อพีถี่,1.0
กับ,လၢၤ,เลอ,1.0
ซื้อ,ပှ့ၤ,เปง่,1.0
เเปด,8,เคงาะ,1.0
จอบ,ဖိၣ်ဂ့ၤ / ဘ့ၢ်ဂ့ၤ,โห่โจ๊ะ / บอพล๊ะ,1.0
มะแม,မဲၢ်တ့ၢ်လ့ၢ်,แมะแต๊ะแล,1.0
มะพร้าว,မ့ၢ်ဖ့ၢ်စ့ၢ် / ခ့ၢ်စ့ၢ်,มะเปอะส่า / ข่อส่า,1.0
เสื้อแขนยาว,ဆ့ၢ်ခိၣ်ဂ့ၢ်ခ့ၢ်,เซกากืออ่อ,1.0
เจ็บ,ဆါ,ชา,1.0
ท้ายทอย,ခေါင်းလျား,ข่อเก่อลอคี,1.0
-,ဂ,ก๊ะเกล่อลอ,1.0
วัยรุ่น,မုၢ်အံၤလ့ၢ်ဖံ,หน่อเส่อโพล,1.0
กะปิ,ဆ့ၢ်ဒ့ၢ်အ့,เซอะเดาะอี้,1.0
หนู,ယုၣ်,หยื้อ,1.0
เลี้ยว,က့ၣ်,เก้ะ,1.0
การรักษา,တၢ်ခဲဒ့,ต่าเก่อดอ,1.0
เดือน,လါ,ลา,1.0
กันยายน,စိၢ်မုၢ်,ซิหมื่อ,1.0
ผู้ชาย,ဖံကွါ,เพาะควา,1.0
เห็น,ထံၣ်,ที้,1.0
กรรไกร,ထာ်ရံာ်,ถะ-เหริ,1.0
ม,မ,มะคิซา,1.0
รองเท้าทำสวน,မံၤဖီလ့,ข่อฟีล่อ,1.0
ขับ,နီၤ,นอ,1.0
ปวดท้ายทอย,ခေါင်းလျားကိုက်,ข่อเก่อลอคีเดอ,1.0
ส้ม,သ့ၣ်ဖီၣ်စ့ၢ်,ซะซวีส่า,1.0
กุ้ง,ဆ့ၢ်ဒ့ၢ်,เซอะเดะกะ,1.0
หยวกกล้วย,န့ၢ်ဒ့ၢ်,หญ่าดี,1.0
ตา,ဖံလ့ၢ်မုၢ်,พือใหม่,1.0
เขียด,ဒ့ၢ်,เดะ,1.0
แคนเล็ก,ခံာ်ဖိ,แควโพ,1.0
ป่าสะดิ้ง,ပာ်ဒ့ဘ့,ปาเดปอ,1.0
เก็บ,ပါၢ်င့း,ป่ะ-เหง่ะ,1.0
ฉาบ,ခ့ၣ်ဂ့ၤ,จก่อ,1.0
รถพยาบาล,မီၢ်တၢ်ကါဆ့ယိၣ်,หม่อ-ต่อ-กา-เช-โย่,1.0
น้ำปู,လ့ၢ်အ့,แวอี้,1.0
ปวดท้อง,ဟၢးဖၢၤဆါ,เฮอะ-เพอ-ชา,1.0
ทหาร,သုာ်,ศึ,1.0
หนัก,ဘၣ်,เคอ,1.0
เก้าอี้,ခၢ်,ข่ะ,1.0
เมือง,ဝ့ၢ်,แวะ,1.0
กระรอก,လံၤလီၤ,ลิหลู่,1.0
แคน,ခံာ်,แคว,1.0
ปู่,ဖံလ့ၢ်ပာ်,พือป่า,1.0
ปลูกข้าว,စူၢ်ဘီၢ်,สู่บือ,1.0
อันนี้ราคาเท่าไหร่,တၢ်တမွိအံၤပှ့ၤစါလီၤစ့ၢ်,ต้า-เตอะ-มโย-อี่-เปง่-จา-หล่อ,1.0
นก,ထီၣ်,โก่,1.0
มิถุนายน,လါနီၢ်,ลานวี,1.0
กระโปรง,နံၣ်,นิ,1.0
กระดิ่ง,ကလိၤကလိၤ,โกล-โกล,1.0
สร้อยลูกปัด,6,แพ,1.0
ดื่มน้ำ,နီၢ်ထီ,ออที,1.0
พรุ่งนี้,လံၢ်ဂၢ,เลอะกอ,1.0
ป่า,မံ,ป่า,1.0
นาฬิกา,နၢ်ရံၢ်,หน้ะ-ริ,1.0
กัด,အ့ၣ်,เอ้ะ,1.0
สามัญ,5,เกอโพ,1.0
แม่บ้าน,ဖံခမ့ၢပာ်ဘၣ်,เพาะหมื่อปาก่า,1.0
รุ้ง,တၢ်ဂ့ၤကွၢ,เต่อแกว,1.0
อร่อยไหม,နီၢ်ခလီ,กืออ่ะ,1.0
โรงเรียน,ဗုၢ်ပူ,โจ๊ะปู่,1.0
วัว,တၢ်တၢ် / ကလံာ်,ต่าเต๊าะ / กล่อ,1.0
ปลาดุก,န့ၢ်ခါ,หนู๋าชา,1.0
ข้าวโพด / ข้าวสาลี,ပှၢ်က့ၢ်စၢ,ปือเคส่า,1.0
ต้องการ,လိာ်ကီ,โหล่ะ-กอ,1.0
เสื้อของแม่บ้าน,ဆ့ၢ်စု,เซซู,1.0
ไม้บรรทัด,မံၤထီၣ်,หน่อโต,1.0
เล็ก,ဆီၤ,ซี,1.0
โบสถ์,တၢ်ဂါကျိ,ต่ามาโจ๊ะ,1.0
กว้าง,လံၤ,แหล่,1.0
โบสถ์,တၢ်ဂါကျိ,ต่ามาโจ๊ะ,1.0
โรงพยาบาล,တၢ်ဆီ,ต่าซาซี่,1.0
เมษายน,လါစီၤ,ลาเซอ,1.0
ฉีดยา,ဆဲာ်တၢၢ်သံၣ်,แช่ะ-เตอะ-ซิ,1.0
แฟน,တၢ်ဖၢၣ်ခီၣ်,ต่าเปอคอ,1.0
หมอ,မီာ်,เหมาะ,1.0
เสื้อกันหนาว,ဆ့ၢ်ခိၣ်တၢ်က့ၢ်အ့ၤ,เซกาต่าเก่อ,1.0
หน่อไม้,ဘ့ၣ်,เบาะ,1.0
มะม่วง,သ့ၣ်ကံ့,เส่อเคกะ,1.0
งาน,တါၣ်မါၢ်,ต้า-หม่า,1.0
หมวก,ခိၣ်မိး,โค้ะ-เหมาะ,1.0
พ่อ,ပာ်,ป่า,1.0
คอมพิวเตอร์,ခီဖံတၢၣ်,คอ-พี-เต้อะ,1.0
เธอ,နုၢ်,นา,1.0
ขอบคุณ,တၢ်မံၤလီ,ต่าบลี,1.0
มะขามป้อม,သ့ၣ်စ့ၢ်,เส่อส่า,1.0
ไร่หมุนเวียน,ခီ,ซี่,1.0
หม้อนึ่ง,ပှၢ်ယါ,ปอเยอ,1.0
วันพุธ,မုၢ်လုၢ်,หมื่อหยุ่,1.0
จักรยานยนต์                 ,မီၢ်တီၢ်ပူာ်,หม่อ-ต่อ-ปุ,1.0
แกะ,ၡိဖိၤ,โซ-โพ,1.0
สีขาว,ဝါ,วา,1.0
ห้องครัว,မုၤလ့အ့ဖိ,หมู่ล่ออ่อ,1.0
อดีต,အဲၣ်ဂၢ,แคเจอ,1.0
ขุด ,ခူၣ်တၢ်,ขุ้-ต้า,1.0
แอ,့,สระแอ,1.0
หมูป่า,စံ,เกาะ,1.0
ขนุน,ပှၢ်သ့ၣ်န့ၢ်စ့ၢ်,เปอะแหน่วส่า,1.0
จาน,လီၤဃီၤ,ลอ-คอ,1.0
ต่างหู,န့ၢ်ကီၣ်,หน่าดี้,1.0
กะละมัง,ကါလါဖါ,กา-ลา-มา,1.0
ไปต่างประเทศ,လံၢ်က့ၢ်ခလီ,แลก่อตะหล่อ,1.0
ฮ,ဠ,ท่าเก๊อะเต่อ,1.0
เมื่อวาน,မဟါ,เหม่อ-ฮา,1.0
ปวดไหล่,	ပခုံးကိုက်,	พิเบซา,1.0
ตอนเที่ยง,မုၢ်အ့ၣ်,หมื่ออู่,1.0
ผู้ใหญ่,ပာ်ဘီၣ်ပာ်ဘၣ်,ปาปีปาป่า,1.0
พัด,ကၠံလံၤပီၢ်,กะละปี๊,1.0
บวบ,စီဖွံဒ့,ซีโพเด,1.0
แตงกวา,ဒ့ၢ်,ดี,1.0
กินเเล้ว,အီၣ်လံ,เอ้าะ-ลี,1.0
น้ำ,ထီ,ที,1.0
ปวดหัว,ခေါင်းကိုက်,โข่ส่าซา,1.0
ที่เก็บของบนเตาไฟ,ဝံၤကလၤ,เส่ลอก๊ะ,1.0
สีดำ,သူ,ซู,1.0
ตลอดปี,သံနံၤ,ดอนี่,1.0
ป,ပ,ปีเต่อคอ,1.0
ดักหนู,ခီၢ်ဂ့ၤ,ซกอู้,1.0
ตลอดปี,သံနံၤ,ดอนี่,1.0
เตหน่า,ထဲၣ်နၢ,เตหน่า,1.0
เล่นเตหน่า,ကဲတၢ်နၢ,เคเตหน่า,1.0
สีส้ม,ဘၣ်ခါ,บอคอ,1.0
สีชมพู,ဂီၢ်ဘီၣ်,หง่อ-เบ้าะ,1.0
สีม่วง,လု,หลึ,1.0
เมล็ด,စ့ၢ်,ซื่อ,1.0
ตอนสาย,မုၢ်ထီ,หมื่อทอ,1.0
นา,စီ,ซี่,1.0
โอ,ာ,สระโอ,1.0
ฟ้าร้อง,လီၤလဲၣ်,ลอแซ,1.0
อยู่บ้าน,တၢ်အိၣ်တဲၣ်,โอะเต๊อะ,1.0
ความสามารถ,တၢ်ကူၢ်စူၢ်,ต่ากุบซุเต,1.0
ให้,ဟ့ၣ်,เฮ้ะ,1.0
แท็กซี่,မီၢ်တီၢ်ကါ,หม่อ-ต่อ-กา,1.0
เสื้อ,ဆ့ၢ်က,เซกา,1.0
เสื่อ,ထံၣ်ခ့ၢ် / ထံၣ်လ့ၢ်,ทะแก่ / ทะล๊ะ,1.0
สีเหลือง,ဘီၤ,บอ,1.0
หนุ่ม,ဖံစါကွါ,เพ้าะสะควา,1.0
ง่าย,ညီ,ยอ,1.0
ดิน,မုၢ်ဖိ,ห่อโข่,1.0
ฉันมาจาก...,ယဟဲလၢ,เหย่อ-แฮ-เลอ...,1.0
จมูก,နှာခေါင်း,	นะเค,1.0
ใต้บ้าน,တၢ်ခိၣ်ဖလၢ,เด้อพะละ,1.0
รถเมล์,မီၢ်တီၢ်ကါဒိၣ်,หม่อ-ต่อ-กา-ผะ-โด้,1.0
ยืน,ဆ့ထၢၣ်,เช-เท้อะ,1.0
เรียน,ဂ့ၣ်လံာ်,เหง้-เหละ,1.0
ไม่ไปไหน,တၢ်နံၢ်ဘၣ်ဖူထာ်,เต๊อะแลนิอปูป่า,1.0
เก้า,9,คุย,1.0
กระเป๋า,ကၠံ,เก่อ,1.0
เขียง,ခူ,คู,1.0
งูเขียว,င့ၢ်စီလ့ၢ်,หนื่อเสล่า,1.0
คม,ရ့ၤဖံ,เอะ,1.0
จาน,လဲက့ၢ်ဘဲလ့ၢ,เลคอะแปะแหละ,1.0
แต่งงาน,ထီၣ်ပွါ,ถ่อปว่า,1.0
ตำรวจ,ယ့သါ,เย-ซา,1.0
ถ ฐ ท,ထ,ทะเต่อหมิ,1.0
หน้าบ้าน,တၢ်ခိၣ်မဲၤယၢ,เด้อแมะยา,1.0
กระบวยน้ำ,ထီခီၣ်ပှၢ်ဘၣ်လ့ၢ်,ทีหน่อเบอลอ,1.0
ช้อน,ခီၣ်န့ၢ်ဒ့ၢ,หน่อเดอ,1.0
ข้าวเปลือก,ပှၢ်ဘ့ၣ်,ปือเบะ,1.0
แคนเล็ก,ခံာ်ဖိ,แควโพ,1.0
กอด,ဖိးဟု,โผะ-ฮือ,1.0
พ ภ,ဖ,พะที่ / พะเปอทวี,1.0
แคนไม้,ခံာ်ဝံၤ,แควเส่,1.0
เด็กผู้ชาย,ဖံကွါဖံ,เพ้าะควาโพ,1.0
ซะนี,ခ့ၢ်ယုၢ်ပာ်,กอยูป่า,1.0
ฆ้องกบ,ကံလ့ၤ,โกละ,1.0
ฝักมีด,ပၢ်ကၠံ,แค่คา,1.0
แกะ,စံဖ့ၢ်,โซ่โพ,1.0
ส้มโอ,မ့ၢ်ဖ့ၢ်စ့ၢ်,มะโอโส่า,1.0
ฤดูฝน,တၢ်ဃုၤခါ,ต่าจูค่า,1.0
เมืองเชียงใหม่,ဝ့ၢ်ဂံၢ်,แวะกี้แม,1.0
เหลม,ခီ,จุ่,1.0
วันนี้คุณมีเรียนไหม,တနံၣ်ညါအံၤနဂ့ၢ်လံးဧၤ,เต่อะ-หนี่-ยา-อี่-เน่อ-เหง้-เหล่ะ-อา,1.0
ปลาซิว,န့ၢ်ဖိပှၢ်ဘ့ၣ်,หนู๋าปอบอ,1.0
ไปไร่,လံၢ်စူၢ်ခီ,แลซูคี,1.0
นอน,မီၤ,มี,1.0
เขียน,ကဲာ်,แกว่ะ,1.0
ขาล,ဘ့ၣ်ဘ့ၣ်ကီ,เบาะไช่ะ,1.0
เเว่นตา,မဲာ်ဒိး,แหม่ะ-โด่ะ,1.0
ถุงเท้า,ဖ့ၢ်ပှၢ်လ့ၢ်,บ่อผล่อ,1.0
ขัน,ကၠံ,ก๊ะ,1.0
วันอังคาร,မုၢ်ခေါ,หมื่อฉ่า,1.0
พระอาทิตย์,မုၢ်,หมื่อ,1.0
ป่าเบญจพรรณ,က့ၢ်န့ၢ်ဖၢ,เก่อเนอพา,1.0
มะรืน,မုၢ်ယါတဲၣ်ဘီၤ / အဲၣ်တဲၢ်နီ,หมื่อยาต่าบี / อิเก่อถานิ,1.0
ถุงมือ,စုဖျီၣ်,จือ-พล้อะ,1.0
แบน,ဝံၤဘီ,บิ,1.0
วันอาทิตย์,မုၢ်ဘူၢ်,หมื่อบู่,1.0
ความสะดวก,တၢ်စ့ဘ့လ,ต่าเส่เบล,1.0
ซ ศ ษ ส,သ,ซะเตาะซอ,1.0
ที่กินน้ำ,ထီတၢ်ခလီ,ทีเต่อหล่อ,1.0
สะล้อ,သံခူ,ซอตู่,1.0
สีน้ำตาล,ဘၣ်ပာ်,บอป่า,1.0
ภูเขา,တၢ်မၤလှူၢ်,ต่าหลู่,1.0
วันนี้อากาศดีจัง,တနံၤညါမုၢ်နံၤဂ့ၤ,เต่อะ-หนี่-ยา-หมื่อ-เหง่,1.0
มะเขือ,ဆ့ၢ်ကီ,เส่อกอ,1.0
ก,က,ก๊ะยอธิ,1.0
จ,စ,จ๊ะเต๊อะเพลอะ,1.0
ร้านนี้ขายอะไรบ้าง,တၢ်ဆဲၢ်အံၤဆါမဒုလီၤစ့ၢ်,ต้า-แช่-อี่-ชา-เหม่อ-ดือ-หล่อ-เจ้,1.0
บ่อน้ำ,ထီနၤဘ့,ทีนาบอ,1.0
เครือ,ဝံၤထံၣ်ဘီၢ်,ต่ามื้อ ต่าโบ,1.0
กางเกง,ဖျီၣ်ခံ,พล้อ-คี,1.0
เด็กน้อย,ဖံဒီးဖံလၢ,โพล่ดีโพล่ำ,1.0
บ่าง,ဖ့ၢ်လီ,ผลี,1.0
ตำข้าว,ယီၢ်ဘီၢ်,หย่อบือ,1.0
ฟ้า,မုၢ်ခီၣ်,มุโข่,1.0
กว้าง,လံၤ,แหล่,1.0
น,န,นะเต่อซิ,1.0
ป่าสน,ဆ့ၢ်ဂၢ,โชกลิ๊,1.0
กาต้มน้ำ,ထီကလၤဒ့,ทีคลอเดอ,1.0
กระเป๋า,ကၠံ,เก่อ,1.0
เหลม,ခီ,จุ่,1.0
ก๋วย,သ့ၣ်ကွံာ်,เส่อก๊ะ,1.0
เสื้อของสาว,ဆ့ၢ်ဝ,เซวา,1.0
กิ้งก่า,ခြ့ၢ်ဒ့ၢ်,ขวีโด,1.0
ร,ရ,ระเก้,1.0
แมงมุม,က့ၢ်ဘ့ၢ်,เก่อปอ,1.0
เมื่อวาน,မုၢ်ယါအံၤ / မုၢ်ယါစါက့ၤ,หมื่อยานิ / หมื่อยาซากอ,1.0
สาว,မုၢ်လ့ၢ်,หมื่อเก่อนอ,1.0
โรงเรียน,ဗုၢ်ပူ,โจ๊ะปู่,1.0
แตงโม,သ့ၣ်ဒ့ၢ်စ့ၢ်,แต้ตื่อส่า,1.0
นิ้วมือ,စုနၢၤ,จือ-เนอ,1.0
ห้า,5,แย้ะ,1.0
ระกา,စံ,ซอ,1.0
ไข้,လိၢ်ကိၣ်,โหล่-โก้,1.0
ฆ้องกบ,ကံလ့ၤ,โกละ,1.0
ก่อน,လီၤယါ,เลอ-ยา,1.0
ตอนบ่าย,မုၢ်အ့ၣ်လ့ၣ်,หมื่อเม่อ,1.0
สลบ,ကါမံအူ,ซา-ปี่-น้อะ-สะ,1.0
เออ,ဦ,สระเออ,1.0
เลี้ยงควาย,လံၢ်အၢၣ်နုၢ်,หล่อเปอะนา,1.0
เสื้อแขนสั้น,ဆ့ၢ်ခိၣ်မ့ၢ်ဖ့ၢ်,เซกา มีอ่อ,1.0
ยุง,ပှၢ်ခိ,ปี๋โจ,1.0
ระยะเวลา,တၢ်ဆၢက့ၤ,ต่าเซอเก๊อะต่อ,1.0
ข้าว,မဲ,เม,1.0
หน้าอก,သာ်ယါပငါၣ်,สะ-ยะ-ปง้า,1.0
เด็กผู้ชาย,ဖံကွါဖံ,เพ้าะควาโพ,1.0
สาม,3,เซอ,1.0
ตะไคร้,ဆ့ၢ်ကံဘီ,เส่อแคบี,1.0
ผู้ชาย,ဖံကွါ,เพาะควา,1.0
ฉลู,တၢ်အ့တၢ်,ต่าเต๊อะ,1.0
ไปเที่ยวป่า,လံၢ်ဆၢပၢၤ,แลสะปากา,1.0
ปัจจุบัน,မံၤလဲၢ်အဲၣ်,หน่อแลคื่อ,1.0
คางคก,ဒ့ၢ်စီၢ်,เดะสือ,1.0
กำไล,ခိၣ်လ့ၢ် / ထီပှၢ်,จี๋กอ / ทีปี่,1.0
หา,ဃုကွၢ်,คงือ-กว้า,1.0
ลูกเห็บตก,ပူၤလီ,สู่ลอ,1.0
ลูกหว้า,သ့ၣ်မ့ၢ် / ဝ့ၢ်စ့ၢ်,เส่อมี / เสมี,1.0
ระเบียงบ้าน,တၢ်ခိၣ် / တနွံၣ်ဒူ,โกโข่ / โกนะเจ,1.0
หอย,ဗီၣ်,โบล่,1.0
ลิง,တၢ်မ့ၢ်လီၢ်,ต่าหม่อลิ,1.0
ตอบ,တဲဆၢ,แต-เชอ,1.0
ขวด,ကိၤ,โก,1.0
เนื้อหมู,က့ၢ်န့ၢ်,เกาะหนู๋า,1.0
บ,ဗ,บาเหมปู่,1.0
เตี้ย / สั้น,ဖျံ,ฝื่อ,1.0
ไฟ,မုၢ်အူ,เหม่อู,1.0
เกลือ,အ့စၢ,อี้ส่า,1.0
ตลอดเวลา,သံထီ,ทอโบ,1.0
พี่เขย,န့ၢ်,แหว่,1.0
ขลุ่ย,မိၣ်ကူ,ปอถู่,1.0
กรกฎาคม,လါကယာ်,ลาเขาะ,1.0
ดินสอ,လံာ်ဘိ,เล่ะ-โบ,1.0
ไม้คน,ခီၣ်ပှၢ်ဒ့ၢ်ခၣ်,หน่อปโดข่วา,1.0
ลูก,ဖဲ,โพ,1.0
ผู้หญิง,ဖံခမ့ၢ,เพาะหมื่อ,1.0
เตาไฟ,ဂ့ၤဖိ,เพยล่าปู่,1.0
ใหญ่,နံၤ,โคะ,1.0
เกลือ,အံၤသၣ်,อี-ซะ,1.0
กระรอก,လံး,ลิ,1.0
ลูกพลับ,လ့ၢ်မ့ၢ်န့ၢ်,เลไม่หน่อ,1.0
ตุ่น,ဝီ,วี,1.0
เปลี่ยนเเปลง,ပျ့ၣ်သး,เปล้ะ-สะ,1.0
รถไฟฟ้า,ကါမံအူ,กา-มิ-อู,1.0
กระโดด,တၢၢ်ဃဝ့ၤ,เต่อะ-เคว,1.0
ปิ่นปักผม,ခိၣ်စံ,โบ่แซะ,1.0
เเหวน,စုမသ့း,จือ-เหม่อ-เส่ะ,1.0
ร้องเพลง,ကဲတၢ်ဆဲခီ,เก๊าะตาซะทิ,1.0
ไข่ไก่,စံဒ့,ซอดี้,1.0
ดอกไม้,မီ,พอ,1.0
กระหม่อม,ခေါင်းထိပ်,	โข่ทึ่,1.0
สวัสดี,ဟုၢ်မုၢ်ခိၣ်ပဲာ်,โอมูโข่เปอ,1.0
วันศุกร์,မုၢ်လံၤခီၣ်,หมื่อเลซอ,1.0
มรสุม,တၢ်မၤအဲာ်ယါဆ့,ต่ามาเออย่าซะ,1.0
ป่าพิธีกรรม,တၢ်ဖီဒဲ,ต่าฟีโดะ,1.0
ดิบ,မုၢ်လၢ,โมลา,1.0
สัญญาณ,သာ်ယါ,ส่า-ยา,1.0
ผม,ခိၣ်သူၤ,โคะ-ซู,1.0
ตีข้าว,မီၤဘီၢ်,ผ้อบือ,1.0
ว,ဝ,วะเต่อวอ,1.0
ไฟจราจร,မံၣ်အူကလဲၤ,มิ-อู-แกล,1.0
ไร่หมุนเวียน,ခီ,ซี่,1.0
ฉิ่ง,သံခီ,ซอแคะ,1.0
ตั๊กแตน,န့ၢ်ဒ့ၢ်,แดะตะ,1.0
ผู้เฒ่าผู้แก่,ပာ်စ့ၢ်ပာ်ဘၣ်,ปาซะปาก่า,1.0
คิ้ว,မဲးတူၣ်ခိၣ်,แหมะ-ตู้-โคะ,1.0
ที่เสียบพริก,ခီၣ်န့ၢ်ဒ့ၢ်,หน่อดีอ่อ,1.0
เด็ก,ဖိၡာ်,โพ-ซะ,1.0
รุนเเรง,ဆူၣ်,ชุ,1.0
กางเกง,ထဲၤ,แท,1.0
บัดมือ,သီၤ,ซี่,1.0
หญ้า,မီၤ,หน่อ,1.0
รับ,ဟံန့ၣ်,ฮี-เน้,1.0
ถั่วฝักยาว,ပှၢ်ထ့ၢ်စၢ,เปอะเทาะส่า,1.0
ซักถาม,စးတၢ်,จะ-ต้า,1.0
ลำไย,က့ၢ်လၢက့ၢ်လ့ၤ,เก่อแลเหลค่อ,1.0
แก้วน้ำ,ထိၤနီၣ်ဘလၢၣ်,ที-น้อะ-เบลอะ,1.0
หมี,တၢ်စု,ตาซู,1.0
สอน,ထံၣ်ထံၣ်,โส่โล,1.0
ผักทอง,လံၢ်ကဘ့ၣ်,หลู่เคบอ,1.0
ลุง / น้ำ อา,ပာ်တီ,พาตี,1.0
น้อง,ပှၢ်,ปือ,1.0
หน้า,မျက်နှာ,แมะส่า,1.0
สีขาว,ဝါ,วา,1.0
วันนี้,တနံၤညါ,เต่อะ-หนี่-ยา,1.0
น้องเขย / น้องสะใภ้,ပှၢ်ဒ့,ปือเด,1.0
ไปหาของกิน,လံၢ်အၢၣ်နီၢ်ဧၢ်တၢ,แลมือเอาะต่า,1.0
ไปเที่ยว,လံၢ်ခ,แลสะ,1.0
ไปซื้อของ,လဲၤပှ့ၤတၢ်,แหล่-เปง่-ต้า,1.0
ทัพพี,ခီၣ်န့ၢ်ဒ့ၢ်က့ၢ်ခၢ,หน่อเดอกะคอ,1.0
ทาก,စု,ซุ,1.0
คุณจะกินอะไร,နကအီၣ်မဒုလီၤ,เหน่อ-เก่อะ-อ้อ-เหม่อ-ดือ-หล่อ,1.0
ทำ,မၤတၢ်,หม่า,1.0
ตรวจ,ကဝါၣ်,กว้า,1.0
วันนี้,မုၢ်ယါအ့ၤ,หมื่อยาอิ,1.0
เหลน,လုၢ်,โล,1.0
บันได,မ့ၤလီ,ขอโล,1.0
สีแดง,ကွံာ်,กอ,1.0
ทอผ้า,ထၣ်တၢ,ทาต่า,1.0
เก้ง,တၢ်ခိၣ်,ตาโย,1.0
ปลา,န့ၢ်ဖိ,หนู๋าโพ,1.0
ครู / อาจารย์,တၢၢ်ရၣ်,เตอะ-ระ,1.0
หนุ่มน้อย,ဖံစါကွါဖံ,เพ้าะสะควาโพ,1.0
หน้าปลูกข้าว,စူၢ်ဘၣ်,สู่บ่อกา,1.0
ขอบคุณ,တၢ်ဘျုး,ต่า-บลึ,1.0
ตลอดวัน,သံနီ,ซอนี,1.0
ป่าพิธีกรรม,တၢ်ဖီဒဲ,ต่าฟีโดะ,1.0
เด็ก,ဖံလၢထီ,โพล่ำไธ,1.0
ใหญ่,နံၤ,โคะ,1.0
เล็บ,စုၤမ့း,จือ-เมะ,1.0
หาย,လီၤမၢ်,หล่อ-หม้า,1.0
กอด,ဖိာ်ဟုၤ,โผะ-ฮือ,1.0
ลื่น,ဝၢ်,เบล,1.0
น้ำปลา,န့ၢ်ဖိဖ့ၢ်,หนู๋าโพพี่,1.0
บาง,ကူ,ปู,1.0
ของเธอ,နုၢ်ဧၢ်,เบอะต่า,1.0
ไปเกี่ยวข้าว,လံၢ်ဂီၢ်ပူ,แลกีปู่,1.0
วัด,နၢ်ပူ,หน่าปู่,1.0
ลำห้วย,ထီခီၣ်ကလၤ,ทีโกล๊ะ,1.0
รักเเร้,ကံၣ်လါၢ်ပူၢ်,กี้-หล่ะ,1.0
เข้าใจ,နံၣ်ပာ်ခ့ၣ်ဖိၣ်,หน้าเปอคอพโล,1.0
ผ้าคลุมหรือกระโปรง,နံၤ,นี,1.0
เด็กผู้หญิง,ဖံခမ့ၢဖံ,เพ้าะหมื่อโพ,1.0
เรื่องราว,တၢ်ခဲၣ်ထံၣ်တၢ်ကလုၢ်,ต่าเก่าต่าโกล,1.0
กล้วย,သ့ၣ်ကံ့,เส่อกวี,1.0
สี่,4,ลุ้ย,1.0
ผู้หญิง,ပိၢ်မုၢ်,โป่-มึ,1.0
ความสุข,တၢ်မံၤဆ့ၣ် / တၢ်မံၤတၢ်ပဲာ်,ต่ามื้อซะ / ต่ามื้อ ต่าเปอ,1.0
เสียม,ဗီ,บอ,1.0
ฤดูหนาว,တၢ်ခဲၣ်ခါ,ต่าเก่อค่า,1.0
ไปหาหมอ,လဲၤအိၣ်မီး,แหล่-โอ้ะ-เหมาะ,1.0
หายใจ,ကၢာ်သါ,เกอะ-ซา,1.0
แตน,တၢ်အ့ဒ့ၢ်,เต่อเด,1.0
ฟัน,မဲၤ,แม,1.0
ล,လ,ละเกโกะ,1.0
ขวดน้ำ,ထီကလၤ,ทีเดอ,1.0
ถางหญ้า,ကလ့ၤနၢ်,กล่อหน่อ,1.0
ป่าดิบชื้น,က့ၢ်န့ၢ်မုၢ်,เก่อเนอหมื่อ,1.0
แบน,ဝံၤဘီ,บิ,1.0
จิ้งจก,ဒ့ၢ်ခ့ၣ်,ดอเหล่,1.0
หก,6,คงือ,1.0
สาวน้อย,မုၢ်လ့ၢ်ခမ့ၢဖံ,หมื่อเก่อนอโพ,1.0
นางนวล,ဘ့ၣ်လ့ၢ်ဘ့ၢ်လံၢ်,แบละบลอ,1.0
เด็กน้อย,ဖံဒီးဖံလၢ,โพล่ดีโพล่ำ,1.0
เด็ก,ဖံလၢထီ,โพล่ำไธ,1.0
ตุลาคม,စီၢ်န့,ซีล่า,1.0
ดาบ / กระบี่,န့,นะ,1.0
มี,အိၣ်,โอ้ะ,1.0
มะขาม,သ့ၣ်မ့ၢ်က့ၢ်,เส่อมอเก๊ะ,1.0
ตลอดเวลา,သံထီ,ทอโบ,1.0
จอ,ခွ့ၢ်,จุ่ย,1.0
ฝ่าฟืน,ပၢ်လ့ၤမံၤ,พะเส่หมื่อ,1.0
พฤษภาคม,ကဲၢ်နၢ,เคะญา,1.0
คม,ရ့ၤဖံ,เอะ,1.0
ของ,တါၣ်ဃၢၢ်,ต้า-เหค่อ,1.0
ทำกับข้าว,မၢ်အၢၣ်တၢ,มาเอาะต่า,1.0
เดี๋ยวนี้,မံၤလဲၢ်အဲၣ်,หน่อแลคื่อ,1.0
อึ่งอ่าง,ဒ့ၢ်ခူ,เดะจู,1.0
มะนาว,ဆ့ၢ်မ့ၢ်န့ၢ် / န့ၢ်ကလ့ၤစၢ,เซอะมะนอ / นอแกละซ่า,1.0
พรุ่งนี้,လၢဂီၤ,เลอ-หง่อ,1.0
ม้า,ကၢာ်သွၣ်,เกอะ-เซ้ะ,1.0
ความหวัง,တၢ်မံၤအလၢကွၢ်ကျုၤ,ต่ามื่ออล่ากว่าโจ๊ะ,1.0
ไปทำบุญ,လံၢ်မၤဘူၣ်တၢ,แลมาบู่ต่า,1.0
ยา,တၢာ်သံၣ်,เต่อะ-ซิ,1.0
คุณชื่ออะไร,နမံၤစါလီၤ,เหน่อ-หมี่-จา-หล่อ,1.0
ฆ้อง,မီ,โม,1.0
มี,အိၣ်,โอ้ะ,1.0
ฤดูร้อน,တၢ်ခိၣ်ခါ,ต่าไก่ค่า,1.0
มีดเล็ก,ဒ့ၢ,ดอ,1.0
หัวนอน,င့ၤလီၢ်ခိၣ်,หล่อมีไข่,1.0
แต่งงาน,ထီၣ်ပွါ,ถ่อปว่า,1.0
คำตอบ,တၢ်ဂ့ၤဆ,ต่าจิ๊เซอ,1.0
เนื้อควาย,ပှၢ်န့ၢ်န့ၢ်န့ၢ်,เปอะหน้าหนู๋า,1.0
ชีวิต,တၢ်အုၢ်မူ,ต่าโอะมู,1.0
-ร,□ - ၁,ก๊ะ-ระ-กีร๋า,1.0
ใบขับขี่,လ့ာ်နီကါ,เหล่ะ-นอ-กา,1.0
-ว,△ - ၀,ก๊ะ-วะ-กีว๋ะ,1.0
แพะ,မ့ၢ်ဖ့ၢ်လ့ၢ်,แม่,1.0
ยางลบ,ယါလိာ်,ยา-โล้ะ,1.0
ดาว,ဆံၣ်,ฉ่ะ,1.0
เข่า,ခီၣ်လ့ၣ်ခိ,เคาะ-เล่-โค้ะ,1.0
รับฟัง,ဂ့ၤနၢ,เก๊อะหน้า,1.0
คุณทำได้ไหม,နုၢ်မံၤအဲၣ်ခလီ,เหนอมนาอะ,1.0
เครื่องบิน,ကၢာ်ဘီညူၢ်,เกอะ-บอ-หยู่,1.0
หอย,ဗီၣ်,โบล่,1.0
